createdon_utc,case_type,status,street
2026-09-28T22:33:53Z,Trash or Recycling Bins or Carts,Submitted,97 Stamford Ave
2026-09-28T22:31:18Z,Pothole Report,Submitted,188 Ledge St
2026-09-28T21:28:42Z,Parking Issues to Report,Submitted,Duncan Ave
2026-09-28T20:44:33Z,Tree Related Issue(s),Draft,83 Indiana Ave
2026-09-28T20:16:25Z,Elections and Voting Information,Submitted,1339 Smith St
2026-09-28T20:05:25Z,Tree Related Issue(s),Assigned,191 Sisson St
2026-09-28T20:02:13Z,Traffic Signal Malfunction,Assigned,Mount Pleasant Ave & College Rd
2026-09-28T20:00:58Z,Sidewalk Panel Repair,Assigned,97 Huxley Ave
2026-09-28T19:12:47Z,Tree Related Issue(s),Assigned,62 Rutherglen Ave
2026-09-28T19:08:15Z,Tree Related Issue(s),Assigned,559 Elmgrove Ave
2026-09-28T18:54:53Z,Overflowing Dumpster,Assigned,250 Broad St
2026-09-28T18:47:34Z,Damaged Manhole or Utility Cover,Assigned,290 Thayer St
2026-09-28T18:33:44Z,Tree Related Issue(s),Assigned,201 Gordon Ave
2026-09-28T18:33:40Z,Request a New Traffic Sign,In Progress,Gano St & Wickenden St
2026-09-28T18:29:08Z,Repair a Traffic Sign,In Progress,Daboll St & Dexter St
2026-09-28T18:14:11Z,Abandoned Vehicle to Report,Assigned,8 Roger St
2026-09-28T18:11:21Z,Missed Trash Day Pick-up Issue,Assigned,344 Williams St
2026-09-28T18:11:17Z,Tree Related Issue(s),Assigned,85 Savoy St
2026-09-28T17:57:09Z,General Question or Concern DPW related,Assigned,600 Elmgrove Ave
2026-09-28T17:45:18Z,Parking Meters Malfunction,Assigned,100 Fountain St
2026-09-28T17:44:14Z,Repair a Traffic Sign,Cancelled,100 Fountain St
2026-09-28T17:36:01Z,Accessible and Handicapped Parking Sign Requests,Resolved,109 Ethan St
2026-09-28T17:20:07Z,Tree Related Issue(s),Assigned,108 Basswood Ave
2026-09-28T17:11:09Z,Parking Meters Malfunction,Assigned,123 Dyer St
2026-09-28T16:47:28Z,Parking Issues to Report,Assigned,1395 Broad St
2026-09-28T16:41:54Z,Trash on Private Property or Sidewalk,In Progress,1395 Broad St
2026-09-28T16:34:42Z,Missed Trash Day Pick-up Issue,Assigned,39 Sessions St
2026-09-28T16:10:30Z,Downed Wire or Leaning Utility Pole,Resolved,75 Charlesfield St
2026-09-28T15:39:45Z,Pothole Report,In Progress,123 Killingly St
2026-09-28T15:25:57Z,Repair a Traffic Sign,In Progress,Radcliffe Ave & Chad Brown St
2026-09-28T15:20:14Z,Trash on Private Property or Sidewalk,Assigned,1955 Westminster St
2026-09-28T15:17:53Z,Trash on Private Property or Sidewalk,Merged,1955 Westminster St
2026-09-28T15:15:46Z,Trash on Private Property or Sidewalk,Cancelled,1955 Westminster St
2026-09-28T15:03:57Z,Overgrowth or High Grass on Private Property,Assigned,7 Winthrop Ave
2026-09-28T14:40:13Z,I do not know know how to classify my issue or service request.,Resolved,34 Chapin Ave
2026-09-28T14:35:04Z,Request a New Parking Sign,Assigned,Morris Ave & Fisher St
2026-09-28T14:31:22Z,Sidewalk Panel Request,Resolved,180 Highland Ave
2026-09-28T14:28:11Z,Trash on Streets and Public Property,Assigned,Pleasant Valley Pkwy
2026-09-28T14:14:25Z,Tree Related Issue(s),Resolved,74 Gulf St
2026-09-28T14:10:22Z,Substandard Housing Code Issues or Violations,On Hold,100 Bowen St
2026-09-28T14:06:29Z,Report Street Light Issue,In Progress,14 Vernon St
2026-09-28T14:03:03Z,Overnight Parking Violations,Assigned,Oneil St
2026-09-28T13:48:19Z,Blocked Storm Drain or Catch Basin,On Hold,25 Dorrance St
2026-09-28T13:41:18Z,Trash or Recycling Bins or Carts,Resolved,71 Lakeside St
2026-09-28T13:28:44Z,Blocked Storm Drain or Catch Basin,Department Responded,Celia St
2026-09-28T13:23:59Z,Tree Related Issue(s),Assigned,110 Baxter St
2026-09-28T13:21:58Z,Illegal Dumping,Assigned,150 Burnett St
2026-09-28T13:15:41Z,Request Street Repair(s),Assigned,Woodward Rd
2026-09-28T13:09:45Z,Pothole Report,In Progress,83 Cemetery St
2026-09-28T13:08:26Z,Trash or Recycling Bins or Carts,Resolved,778 Potters Ave
2026-09-28T13:04:38Z,Traffic Signal Malfunction,Resolved,Chalkstone Ave & Academy Ave
2026-09-28T12:44:24Z,Trash or Recycling Bins or Carts,In Progress,361 Admiral St
2026-09-28T12:01:17Z,Trash on Streets and Public Property,In Progress,903 Providence Pl
2026-09-28T11:59:50Z,Trash on Streets and Public Property,Cancelled,903 Providence Pl
2026-09-28T11:54:43Z,Trash on Private Property or Sidewalk,Cancelled,903 Providence Pl
2026-09-28T04:04:35Z,Pothole Report,In Progress,126 Johnson St
2026-09-28T00:43:28Z,Sinkhole Concern,Submitted,112 Longwood Ave
2026-09-28T00:36:30Z,Repair a Traffic Sign,Assigned,Isabella Ave & Enfield Ave
2026-09-27T22:02:07Z,I do not know know how to classify my issue or service request.,Draft,34 Carolina Ave
2026-09-27T21:58:21Z,Bike Path and Lane Issues or Concerns,Draft,
2026-09-27T20:43:11Z,Tree Related Issue(s),In Progress,34 Rialto St
2026-09-27T18:18:56Z,Trash on Private Property or Sidewalk,Assigned,108 Laurel Ave
2026-09-27T17:54:02Z,Repair a Traffic Sign,In Progress,Isabella Ave & Enfield Ave
2026-09-27T16:17:10Z,Emergency and Disaster Information,Draft,241 Butler Ave
2026-09-27T13:52:52Z,Parking Issues to Report,Draft,443 Charles St
2026-09-27T00:17:57Z,Tree Related Issue(s),Resolved,Oriole Ave & Butler Ave
2026-09-26T21:36:47Z,Speeding and Traffic Calming Concerns,In Progress,347 Doyle Ave
2026-09-26T21:17:06Z,Tree Related Issue(s),Resolved,21 Sheldon St
2026-09-26T20:26:21Z,Trash on Private Property or Sidewalk,Cancelled,314 Benefit St
2026-09-26T17:57:30Z,Blocked Storm Drain or Catch Basin,Department Responded,71 Princeton Ave
2026-09-26T17:49:27Z,Blocked Storm Drain or Catch Basin,Cancelled,71 Princeton Ave
2026-09-26T15:30:15Z,Tree Related Issue(s),Assigned,574 Pleasant Valley Pkwy
2026-09-26T13:50:56Z,Repair a Traffic Sign,In Progress,Plain St
2026-09-26T08:25:07Z,Tree Related Issue(s),Draft,10 Huron St
2026-09-25T22:22:19Z,Illegal Dumping,Assigned,44 W Park St
2026-09-25T21:35:59Z,Tree Related Issue(s),In Progress,50 Woodman St
2026-09-25T19:37:30Z,Sidewalk Panel Repair,Assigned,23 Carrington Ave
2026-09-25T18:35:21Z,Repair a Traffic Sign,In Progress,Benefit St & N Court St
2026-09-25T18:34:28Z,Missed Trash Day Pick-up Issue,Resolved,74 Calla St
2026-09-25T18:03:15Z,Sidewalk Issue that is Tree-Related,Resolved,25 Dorrance St
2026-09-25T17:58:45Z,Missed Trash Day Pick-up Issue,Resolved,13 Montrose St
2026-09-25T17:28:43Z,General Question or Concern DPW related,Resolved,Ives St
2026-09-25T17:14:47Z,Trash on Private Property or Sidewalk,Assigned,73 Charles St
2026-09-25T16:42:47Z,I do not know know how to classify my issue or service request.,Resolved,10 Santomarco Dr
2026-09-25T16:01:56Z,Illegal Dumping,Assigned,44 Andy St
2026-09-25T15:36:32Z,Illegal Dumping,Resolved,Laban St & Laurel Hill Ave
2026-09-25T15:28:45Z,Trash or Recycling Bins or Carts,Resolved,10 Elmwood Ave
2026-09-25T15:13:11Z,Accessible and Handicapped Parking Sign Requests,Assigned,87 Alvin St
2026-09-25T15:09:05Z,Parking Issues to Report,Resolved,207 Brown St
2026-09-25T14:54:01Z,Electric Scooter Issues,Resolved,211 Slater Ave
2026-09-25T14:49:17Z,Substandard Housing Code Issues or Violations,Resolved,460 Charles St
2026-09-25T14:39:13Z,Blocked Storm Drain or Catch Basin,Department Responded,Arlington Ave & Villa Ave
2026-09-25T14:25:27Z,Energy Efficiency Issues,Resolved,64 Erastus St
2026-09-25T14:19:02Z,Trash on Private Property or Sidewalk,In Progress,20 Dexter St
2026-09-25T14:04:18Z,Downed Wire or Leaning Utility Pole,Resolved,Battey St
2026-09-25T13:59:05Z,Illegal Dumping,In Progress,40 Andy St
2026-09-25T13:52:19Z,Dead Animal on Roadway or Sidewalk,In Progress,Butler Ave & Angell St
2026-09-25T13:50:08Z,Traffic Control Issues or Changes,Assigned,Wayland Ave & Medway St
2026-09-25T13:45:05Z,Assistance or Concern with a Business License,Assigned,375 Atwells Ave
2026-09-25T13:17:15Z,Missed Trash Day Pick-up Issue,Resolved,226 Althea St
2026-09-25T13:01:22Z,Substandard Housing Code Issues or Violations,Resolved,34 Brinkley St
2026-09-25T13:00:23Z,Parking Issues to Report,Resolved,207 Brown St
2026-09-25T12:58:48Z,Illegal Dumping,Assigned,21 Daboll St
2026-09-25T12:39:56Z,Pothole Report,In Progress,626 Eddy St
2026-09-25T05:39:01Z,Pothole Report,In Progress,Thayer St
2026-09-25T02:06:34Z,Housing Assistance Information,Resolved,120 Wayland Ave
2026-09-25T01:00:10Z,Sidewalk Panel Repair,Assigned,Lorimer Ave
2026-09-24T20:23:47Z,Tree Related Issue(s),Assigned,112 Sassafras St
2026-09-24T20:13:12Z,Illegal Dumping,In Progress,18 Priscilla Ave
2026-09-24T20:12:53Z,Illegal Dumping,Cancelled,25 Dorrance St
2026-09-24T20:07:34Z,General Question or Concern DPW related,Resolved,102 S Angell St
2026-09-24T20:06:05Z,Traffic Control Issues or Changes,Assigned,Silver Spring St
2026-09-24T19:57:38Z,Missed Trash Day Pick-up Issue,Resolved,61 Dewey St
2026-09-24T19:46:42Z,Tree Related Issue(s),On Hold,15 Lois Ave
2026-09-24T19:42:56Z,Trash on Private Property or Sidewalk,In Progress,912 Narragansett Blvd
2026-09-24T19:41:38Z,Trash on Private Property or Sidewalk,Resolved,234 New York Ave
2026-09-24T19:32:45Z,General Question or Concern DPW related,Assigned,Jastram St
2026-09-24T18:45:57Z,Trash on Streets and Public Property,Resolved,250 Washington St
2026-09-24T18:28:54Z,Overgrowth or High Grass on Private Property,Resolved,172 Rutherglen Ave
2026-09-24T18:26:57Z,Sidewalk Issue that is Tree-Related,On Hold,120 Corliss St
2026-09-24T17:54:00Z,Tree Related Issue(s),Assigned,171 Home Ave
2026-09-24T17:47:48Z,Trash on Private Property or Sidewalk,Department Responded,171 Home Ave
2026-09-24T17:36:18Z,Trash or Recycling Bins or Carts,Assigned,178 Penn St
2026-09-24T17:32:23Z,Missed Trash Day Pick-up Issue,Resolved,Elma St
2026-09-24T17:22:30Z,Missed Trash Day Pick-up Issue,Assigned,7 Heath St
2026-09-24T17:21:31Z,Fire Hydrant Issue,Assigned,Wickenden St & East St
2026-09-24T17:18:18Z,Repair a Traffic Sign,In Progress,179 Wickenden St
2026-09-24T16:32:25Z,Tree Related Issue(s),Assigned,235 Unit St
2026-09-24T15:23:21Z,Tree Related Issue(s),Assigned,163 Amherst St
2026-09-24T15:11:14Z,General Question or Concern DPW related,Department Responded,265 Williams St
2026-09-24T14:16:02Z,Sidewalk Panel Request,Assigned,32 Ethan St
2026-09-24T13:50:16Z,Tree Related Issue(s),On Hold,137 Hawkins St
2026-09-24T13:39:56Z,Concerns with a Construction Site,Assigned,Knight St & Westminster St
2026-09-24T13:18:41Z,Request Street Repair(s),In Progress,Pleasant St
2026-09-24T13:00:03Z,Noise or Sound Disturbances,Under Review,Jenkins St
2026-09-24T12:43:43Z,Missed Trash Day Pick-up Issue,Resolved,773 Elmwood Ave
2026-09-24T12:35:42Z,Trash or Recycling Bins or Cans Left Out,Department Responded,107 Metcalf St
2026-09-24T11:07:57Z,Missed Trash Day Pick-up Issue,Resolved,426 Broadway
2026-09-24T10:41:00Z,Missed Trash Day Pick-up Issue,Cancelled,5 Burnside St
2026-09-23T22:11:46Z,Downed Wire or Leaning Utility Pole,Resolved,40 Ring St
2026-09-23T19:06:57Z,Overflowing Dumpster,Resolved,Stevens St
2026-09-23T18:57:58Z,Crosswalk and Road Striping Concerns,Resolved,Abbott St & Knowles St
2026-09-23T18:52:31Z,Overgrowth or High Grass Public Property,In Progress,1 Gridley St
2026-09-23T18:50:27Z,Traffic Control Issues or Changes,Assigned,Chalkstone Ave & Oakland Ave
2026-09-23T18:46:53Z,Tree Related Issue(s),Assigned,80 Clarendon Ave
2026-09-23T18:44:09Z,Traffic Control Issues or Changes,Assigned,Pleasant Valley Pkwy & Valley St
2026-09-23T18:41:19Z,Traffic Signal Malfunction,Resolved,Pleasant Valley Pkwy & Raymond St
2026-09-23T18:12:10Z,Parking Issues to Report,Resolved,507 Pleasant Valley Pkwy
2026-09-23T17:26:54Z,Trash on Private Property or Sidewalk,In Progress,131 River Ave
2026-09-23T17:09:03Z,Repair a Traffic Sign,In Progress,Promenade St & Pleasant Valley Pkwy
2026-09-23T16:52:26Z,Tree Related Issue(s),Assigned,93 Lauriston St
2026-09-23T16:33:06Z,Trash on Private Property or Sidewalk,In Progress,34 Brinkley St
2026-09-23T16:32:55Z,Missed Trash Day Pick-up Issue,Resolved,5 Burnside St
2026-09-23T16:28:29Z,Trash on Private Property or Sidewalk,Resolved,1279 N Main St
2026-09-23T16:23:28Z,Traffic Control Issues or Changes,Assigned,1 Jillson St
2026-09-23T16:15:31Z,Sidewalk Panel Repair,Submitted,Forsyth St
2026-09-23T16:09:44Z,Pothole Report,Resolved,Forsyth St & Mowry St
2026-09-23T15:23:06Z,Vital Records Inquiry,Resolved,25 Dorrance St
2026-09-23T15:21:51Z,Pothole Report,In Progress,Lippitt St
2026-09-23T15:20:38Z,Tree Related Issue(s),On Hold,69 Hilary Dr
2026-09-23T15:16:08Z,Trash or Recycling Bins or Carts,Resolved,87 Diamond St
2026-09-23T15:04:45Z,City-Owned Property Concerns,Resolved,1 Gridley St
2026-09-23T15:02:04Z,Pothole Report,Resolved,Hope St & Hart St
2026-09-23T14:31:23Z,Trash on Streets and Public Property,In Progress,81 Parade St
2026-09-23T14:21:54Z,Tree Related Issue(s),Resolved,666 Hope St
2026-09-23T14:18:45Z,Overflowing Dumpster,Resolved,404 Benefit St
2026-09-23T14:09:27Z,Overflowing Dumpster,Resolved,400 N Main St
2026-09-23T13:48:03Z,Broken Water Pipe or Water Leaks,Assigned,70 Harwich Rd
2026-09-23T13:47:56Z,Request a New Traffic Sign,In Progress,Somerset St & Providence St
2026-09-23T13:38:01Z,Missed Trash Day Pick-up Issue,Assigned,232 Laban St
2026-09-23T13:02:29Z,Abandoned Vehicle to Report,Assigned,16 Sargent Ave
2026-09-23T12:56:20Z,Trash on Private Property or Sidewalk,Resolved,30 Pratt St
2026-09-23T12:56:17Z,Illegal Dumping,In Progress,200 Hawkins St
2026-09-23T10:24:11Z,Repair a Traffic Sign,In Progress,Chalkstone Ave & Berlin St
2026-09-23T09:56:24Z,Missed Trash Day Pick-up Issue,Resolved,312 Knight St
2026-09-23T00:43:38Z,Noise or Sound Disturbances,Resolved,230 Dexter St
2026-09-23T00:39:09Z,Report Street Light Issue,In Progress,730 Elmgrove Ave
2026-09-23T00:37:07Z,Permit Issues at a Construction Site,Resolved,230 Dexter St
2026-09-23T00:18:09Z,Parking Issues to Report,Assigned,Ashton St & Silver Spring St
2026-09-22T20:24:32Z,PPSD - Transportation Inquiry,Cancelled,
2026-09-22T20:20:50Z,Abandoned Vehicle to Report,Assigned,12 Devereux St
2026-09-22T20:17:25Z,Overgrowth or High Grass on Private Property,Resolved,166 University Ave
2026-09-22T20:12:33Z,Trash on Private Property or Sidewalk,Resolved,149 University Ave
2026-09-22T18:58:03Z,Parking Issues to Report,Assigned,93 Laurel Hill Ave
2026-09-22T18:26:10Z,Repair a Parking Sign,Resolved,31 Washington St
2026-09-22T18:20:27Z,Tree Related Issue(s),Resolved,7 Doane Ave
2026-09-22T18:17:58Z,Trash or Recycling Bins or Carts,Resolved,425 Broadway
2026-09-22T18:16:54Z,Building Code Violations,Resolved,550 Broad St
2026-09-22T18:15:27Z,Building Code Violations,Cancelled,550 Broad St
2026-09-22T17:52:54Z,Missed Trash Day Pick-up Issue,Resolved,Isabella Ave
2026-09-22T17:37:43Z,Tree Related Issue(s),In Progress,150 Langdon St
2026-09-22T17:33:20Z,Trash or Recycling Bins or Carts,In Progress,280 Benefit St
2026-09-22T17:32:13Z,Missed Trash Day Pick-up Issue,Cancelled,
2026-09-22T17:31:27Z,Illegal Dumping,Resolved,147 University Ave
2026-09-22T17:31:18Z,Sidewalk Panel Repair,Assigned,25 Parade St
2026-09-22T17:29:10Z,Sidewalk Panel Repair,Cancelled,38 Mawney St
2026-09-22T17:29:03Z,Trash or Recycling Bins or Carts,Resolved,63 Health Ave
2026-09-22T17:25:06Z,Encampment Concern(s),Assigned,125 Whipple St
2026-09-22T17:23:14Z,Report Public Health Hazards,Merged,85 Whipple St
2026-09-22T17:18:48Z,Missed Trash Day Pick-up Issue,Assigned,110 Tobey St
2026-09-22T17:13:44Z,Missed Trash Day Pick-up Issue,Resolved,14 8th St
2026-09-22T17:11:54Z,Sidewalk Panel Repair,Assigned,38 Mawney St
2026-09-22T16:48:19Z,Illegal Dumping,Resolved,377 Hope St
2026-09-22T16:47:57Z,Trash or Recycling Bins or Carts,Resolved,164 Babcock St
2026-09-22T16:45:07Z,Sinkhole Concern,Department Responded,Melrose St
2026-09-22T15:46:31Z,Request a New Traffic Sign,In Progress,Wilson St & Fuller St
2026-09-22T15:22:02Z,City-Owned Property Concerns,Resolved,156 Reservoir Ave
2026-09-22T15:11:05Z,Substandard Housing Code Issues or Violations,Resolved,25 Tobey St
2026-09-22T14:58:49Z,Substandard Housing Code Issues or Violations,Resolved,708 Atwells Ave
2026-09-22T14:26:24Z,Missed Trash Day Pick-up Issue,Resolved,150 Medway St
2026-09-22T14:15:33Z,Downed Wire or Leaning Utility Pole,Resolved,119 Sycamore St
2026-09-22T14:03:52Z,Electric Scooter Issues,Resolved,211 Slater Ave
2026-09-22T14:02:40Z,Trash or Recycling Bins or Carts,In Progress,50 Humboldt Ave
2026-09-22T13:30:34Z,Tree Related Issue(s),Resolved,Admiral St
2026-09-22T13:24:46Z,Overnight Parking Violations,Assigned,Douglas Ave
2026-09-22T13:21:01Z,Missed Trash Day Pick-up Issue,Resolved,24 Summit Ave
2026-09-22T13:03:16Z,General Question or Concern DPW related,Resolved,Hawkins St
2026-09-22T12:48:24Z,Missed Trash Day Pick-up Issue,Assigned,257 Benefit St
2026-09-22T12:34:38Z,Missed Trash Day Pick-up Issue,Resolved,29 Roslyn Ave
2026-09-22T12:13:41Z,Missed Trash Day Pick-up Issue,Resolved,29 Roslyn Ave
2026-09-22T12:08:03Z,Parking Issues to Report,Assigned,320 Prairie Ave
2026-09-22T08:19:02Z,Substandard Housing Code Issues or Violations,Resolved,100 Bowen St
2026-09-22T03:40:33Z,Noise or Sound Disturbances,Resolved,50 Tobey St
2026-09-22T02:49:27Z,Trash on Private Property or Sidewalk,Resolved,Union St & Westminster St
2026-09-22T02:47:38Z,Fire Hydrant Issue,Assigned,144 Benefit St
2026-09-22T02:44:55Z,Fire Hydrant Issue,Assigned,Waterman St
2026-09-22T02:41:27Z,Fire Hydrant Issue,Assigned,70 Waterman St
2026-09-21T21:33:44Z,Dead Animal on Roadway or Sidewalk,On Hold,97 Almy St
2026-09-21T20:02:14Z,Trash or Recycling Bins or Carts,Assigned,85 Evergreen St
2026-09-21T19:44:34Z,Parking Issues to Report,Assigned,294 Douglas Ave
2026-09-21T19:33:23Z,Parking Issues to Report,Assigned,76 Keene St
2026-09-21T19:28:05Z,Sidewalk Panel Repair,Assigned,Market Square
2026-09-21T19:25:51Z,Speeding and Traffic Calming Concerns,Assigned,336 Doyle Ave
2026-09-21T19:23:27Z,Sidewalk Issue that is Tree-Related,Resolved,200 Pocasset Ave
2026-09-21T19:18:47Z,Building Code Violations,Resolved,34 Thurston St
2026-09-21T19:09:37Z,Traffic Control Issues or Changes,In Progress,Westcott Ave
2026-09-21T19:06:01Z,Trash or Recycling Bins or Carts,Resolved,670 Smith St
2026-09-21T19:04:30Z,Tree Related Issue(s),In Progress,734 Mount Pleasant Ave
2026-09-21T19:00:18Z,Noise or Sound Disturbances,Resolved,Power St
2026-09-21T18:57:39Z,Abandoned Vehicle to Report,Assigned,709 Academy Ave
2026-09-21T18:56:55Z,Abandoned Vehicle to Report,Assigned,37 Huldah St
2026-09-21T18:55:06Z,General Question or Concern DPW related,Resolved,25 Wilson St
2026-09-21T18:52:01Z,Overgrowth or High Grass on Private Property,Resolved,266 California Ave
2026-09-21T18:49:51Z,Overnight Parking Violations,Resolved,110 Hilary Dr
2026-09-21T18:49:08Z,Request a New Traffic Sign,In Progress,Park St & Orms St
2026-09-21T18:47:28Z,Trash or Recycling Bins or Carts,Merged,50 Crandall St
2026-09-21T18:44:39Z,Zoning Violation Concerns,Assigned,53 Lowell Ave
2026-09-21T18:40:37Z,Traffic Control Issues or Changes,Assigned,Hope St & Blackstone Blvd
2026-09-21T18:39:05Z,Sidewalk Issue that is Tree-Related,Merged,1120 Broad St
2026-09-21T18:37:48Z,Traffic Signal Malfunction,Assigned,De Pasquale Ave
2026-09-21T18:27:56Z,Missed Trash Day Pick-up Issue,Resolved,31 Whipple St
2026-09-21T18:17:52Z,Substandard Housing Code Issues or Violations,Resolved,25 Dorrance St
2026-09-21T18:04:28Z,Trash on Streets and Public Property,Resolved,45 Knowles St
2026-09-21T17:57:49Z,Downed Wire or Leaning Utility Pole,Resolved,29 Ogden St
2026-09-21T17:51:05Z,Parking Issues to Report,Assigned,Forest St
2026-09-21T17:10:54Z,Illegal Dumping,Resolved,Pratt St & Halsey St
2026-09-21T17:06:56Z,Trash or Recycling Bins or Carts,In Progress,29 Christopher St
2026-09-21T17:00:24Z,Report Street Light Issue,In Progress,716 Elmgrove Ave
2026-09-21T16:53:41Z,Overnight Parking Violations,Assigned,675 Elmwood Ave
2026-09-21T16:39:01Z,General Question or Concern DPW related,Resolved,130 Carr St
2026-09-21T16:38:16Z,Animal Control Concerns,Resolved,12 Governor St
2026-09-21T16:34:10Z,Tree Related Issue(s),Resolved,32 Chapin Ave
2026-09-21T16:32:27Z,Sidewalk Panel Repair,Resolved,1147 Broad St
2026-09-21T16:27:45Z,Trash or Recycling Bins or Carts,In Progress,29 Portland St
2026-09-21T16:13:00Z,Trash or Recycling Bins or Carts,Resolved,25 Dorrance St
2026-09-21T16:03:09Z,Tree Related Issue(s),Resolved,58 Louis Ave
2026-09-21T15:59:54Z,Traffic Control Issues or Changes,Assigned,Luna St
2026-09-21T15:59:07Z,Blocked Storm Drain or Catch Basin,Resolved,306 Charles St
2026-09-21T15:44:07Z,Missed Trash Day Pick-up Issue,Resolved,42 Pekin St
2026-09-21T15:41:23Z,Trash on Private Property or Sidewalk,Resolved,83 Aleppo St
2026-09-21T15:34:53Z,Parking Issues to Report,Resolved,207 Brown St
2026-09-21T15:25:41Z,Missed Trash Day Pick-up Issue,Resolved,104 Winthrop Ave
2026-09-21T15:25:32Z,Overgrowth or High Grass on Private Property,Resolved,136 Massachusetts Ave
2026-09-21T15:02:07Z,General Question or Concern DPW related,Assigned,75 Wood St
2026-09-21T15:01:45Z,General Question or Concern DPW related,Resolved,580 Admiral St
2026-09-21T14:41:12Z,Noise or Sound Disturbances,Resolved,Weybosset St & Union St
2026-09-21T14:31:31Z,Sidewalk Issue that is Tree-Related,In Progress,44 Westcott Ave
2026-09-21T14:29:40Z,Overnight Parking Violations,Assigned,Westcott Ave
2026-09-21T14:29:10Z,Overgrowth or High Grass on Private Property,Resolved,41 Candace St
2026-09-21T14:28:52Z,Animal Control Concerns,Resolved,Manton Ave
2026-09-21T14:27:28Z,Sinkhole Concern,On Hold,Bowen St & Benefit St
2026-09-21T14:26:47Z,Trash or Recycling Bins or Carts,Resolved,21 Sprague St
2026-09-21T14:22:26Z,Crosswalk and Road Striping Concerns,In Progress,675 Plainfield St
2026-09-21T14:20:44Z,Trash or Recycling Bins or Carts,Merged,75 Abbott St
2026-09-21T14:19:31Z,Tree Related Issue(s),In Progress,255 Gallatin St
2026-09-21T14:18:12Z,Parking Issues to Report,Assigned,31 Brush Hill Rd
2026-09-21T14:16:31Z,Missed Trash Day Pick-up Issue,Resolved,35 Comstock Ave
2026-09-21T14:16:04Z,Elections and Voting Information,Resolved,100 Atwells Ave
2026-09-21T14:15:08Z,Tree Related Issue(s),In Progress,65 Ardmore Ave
2026-09-21T14:11:32Z,General Question or Concern DPW related,Assigned,27 Loring Ave
2026-09-21T14:07:58Z,Repair a Traffic Sign,Resolved,Brook St & Transit St
2026-09-21T14:03:53Z,Overgrowth or High Grass on Private Property,Resolved,545 Manton Ave
2026-09-21T13:32:00Z,Blocked Storm Drain or Catch Basin,On Hold,Winter St & W Fountain St
2026-09-21T13:23:14Z,Trash or Recycling Bins or Carts,Resolved,716 Elmgrove Ave
2026-09-21T12:13:44Z,Report Street Light Issue,In Progress,7 Hamilton St
2026-09-21T12:10:06Z,Illegal Dumping,Resolved,Potters Ave & Prairie Ave
2026-09-21T11:48:58Z,Parking Issues to Report,Assigned,Atwells Ave & Tuxedo Ave
2026-09-21T11:43:54Z,Overgrowth or High Grass Public Property,Assigned,Hawkins St
2026-09-21T11:30:37Z,Illegal Dumping,Resolved,Hawkins St & Corliss Park
2026-09-21T09:30:35Z,Overgrowth or High Grass on Private Property,Resolved,Manton Ave & Brush Hill Rd
